epoch,phone_train_mse,phone_train_pcc,phone_test_mse,phone_test_pcc,learning rate,utt_train_mse_accuracy,utt_train_mse_completeness,utt_train_mse_fluency,utt_train_mse_prosodic,utt_train_mse_total,utt_train_pcc_accuracy,utt_train_pcc_completeness,utt_train_pcc_fluency,utt_train_pcc_prosodic,utt_train_pcc_total,utt_test_mse_accuracy,utt_test_mse_completeness,utt_test_mse_fluency,utt_test_mse_prosodic,utt_test_mse_total,utt_test_pcc_accuracy,utt_test_pcc_completeness,utt_test_pcc_fluency,utt_test_pcc_prosodic,utt_test_pcc_total,word_train_pcc_accuracy,word_train_pcc_stress,word_train_pcc_total,word_test_pcc_accuracy,word_test_pcc_stress,word_test_pcc_total
0.000000000000000000e+00,1.398262679576873779e-01,4.958307767261039833e-01,1.072591021656990051e-01,4.522936470064599090e-01,9.499999999999999981e-04,1.113319471478462219e-01,2.011449541896581650e-03,1.101252660155296326e-01,9.273199737071990967e-02,1.317949444055557251e-01,1.858682813820606849e-01,6.154289708785314061e-02,2.180908569800502628e-01,1.677811011202857625e-02,2.754843188778512836e-02,9.237820655107498169e-02,3.742649219930171967e-03,8.192672580480575562e-02,8.153749257326126099e-02,1.051118969917297363e-01,1.231196499633166325e-01,4.597985136821577945e-02,2.120931118086892830e-01,-4.324925932866865996e-02,-5.275933656182086977e-03,3.852124277928553053e-01,-5.378747584571130780e-02,-1.720887644517176407e-01,3.175615571374838519e-01,-3.455300588898814473e-02,-1.603079733496412806e-01
1.000000000000000000e+00,1.215191259980201721e-01,5.560122015785341487e-01,9.714405238628387451e-02,5.177687359664767675e-01,1.000000000000000021e-03,1.121306419372558594e-01,8.533496875315904617e-04,9.362344443798065186e-02,9.119268506765365601e-02,1.101327165961265564e-01,2.535136314491986398e-01,6.984376226488984984e-02,3.083593568274749508e-01,4.444466793983996994e-02,1.082744408856375212e-01,9.067261964082717896e-02,2.578778890892863274e-03,7.341975718736648560e-02,7.739738374948501587e-02,8.994275331497192383e-02,1.821017804367721926e-01,5.547993702384584197e-02,2.347009402786008059e-01,-2.265078641919624630e-02,5.701548601564052077e-02,5.401804879399463299e-01,5.721331047039519835e-02,4.794283576104430566e-01,4.699338395980695582e-01,4.181197105709988371e-02,4.076286326742954436e-01
2.000000000000000000e+00,1.155482307076454163e-01,5.948705486819552135e-01,9.355254471302032471e-02,5.599322323730734352e-01,1.000000000000000021e-03,1.062049940228462219e-01,6.498309667222201824e-04,9.267327934503555298e-02,8.892317116260528564e-02,1.073466464877128601e-01,3.822683215229943920e-01,6.047856421295630391e-02,3.329861822878429911e-01,1.813356205843529023e-01,2.999107179006301194e-01,9.214085340499877930e-02,2.384365070611238480e-03,7.576996088027954102e-02,7.965400069952011108e-02,9.294335544109344482e-02,2.968891868404999190e-01,4.446494448258630355e-02,2.417855763902843902e-01,8.401309968347643597e-02,2.127106433529095675e-01,5.897118536996469595e-01,1.351464169834616924e-01,5.753820921036211233e-01,5.173802833999811002e-01,8.879320354751805977e-02,5.013825945805012729e-01
3.000000000000000000e+00,1.020673885941505432e-01,6.506806906327285978e-01,8.022950589656829834e-02,6.161353338620905173e-01,1.000000000000000021e-03,6.939898431301116943e-02,7.566357962787151337e-04,7.458811998367309570e-02,6.823342293500900269e-02,6.520918011665344238e-02,6.475335635341812335e-01,-1.294524342532178164e-02,5.849263414393904847e-01,5.459251868508593342e-01,6.778511487736421648e-01,6.395938247442245483e-02,2.478814451023936272e-03,6.536629796028137207e-02,6.559762358665466309e-02,6.138404458761215210e-02,5.669100058955334198e-01,4.966631655448128929e-03,4.704137161180380056e-01,4.200487288113715634e-01,5.888796257876783846e-01,6.449666737371604341e-01,7.226065062068023903e-02,6.463529823075214731e-01,5.696120819147402203e-01,3.746749974632333086e-02,5.715684993752706555e-01
4.000000000000000000e+00,9.710672497749328613e-02,6.737471099016610898e-01,7.672628015279769897e-02,6.388123489094506002e-01,1.000000000000000021e-03,5.811880528926849365e-02,7.565109408460557461e-04,5.436372011899948120e-02,5.223332345485687256e-02,5.374374985694885254e-02,7.336586853004899433e-01,3.491575659495349537e-02,6.899512616823569866e-01,6.742462675267807404e-01,7.452591150526765018e-01,5.687275901436805725e-02,2.263735281303524971e-03,5.218975245952606201e-02,5.279775708913803101e-02,5.344860255718231201e-02,6.554184754355760756e-01,1.580536385659588317e-01,5.981703223164913652e-01,5.886529711063622772e-01,6.688999561194259869e-01,6.554331326200077967e-01,1.954193953357239721e-01,6.327481411622990493e-01,5.826412532865247185e-01,1.121897293460219214e-01,5.594012324925080604e-01
5.000000000000000000e+00,9.447141736745834351e-02,6.905761198743600726e-01,7.597549259662628174e-02,6.553477582090989628e-01,1.000000000000000021e-03,5.407983437180519104e-02,1.164222485385835171e-03,4.899667948484420776e-02,4.738865792751312256e-02,5.309531092643737793e-02,7.460566994940024399e-01,2.718232597648018167e-02,7.040689473540392429e-01,6.897903427320489778e-01,7.617876308657093309e-01,5.344867706298828125e-02,2.640453632920980453e-03,4.745798185467720032e-02,4.848352074623107910e-02,5.421937257051467896e-02,6.689405954867619908e-01,1.402829364130926681e-01,6.080371726224576001e-01,6.000853567394756061e-01,6.839251818168171626e-01,6.495889308880006263e-01,2.347457900699430611e-01,6.432200247724888520e-01,5.788351716967968796e-01,1.412626324058325333e-01,5.741628359930206482e-01
6.000000000000000000e+00,8.971151709556579590e-02,6.987548629964249747e-01,7.145060598850250244e-02,6.642960166074155515e-01,1.000000000000000021e-03,5.123012512922286987e-02,8.942041313275694847e-04,4.782954975962638855e-02,4.788679629564285278e-02,4.999781772494316101e-02,7.552562753208532653e-01,9.608782698422682622e-02,7.133171585370491341e-01,6.987077402579272567e-01,7.700632549996242471e-01,5.132537335157394409e-02,2.297266852110624313e-03,4.685258120298385620e-02,4.962266609072685242e-02,5.151400342583656311e-02,6.765470870614279653e-01,2.093580716360030347e-01,6.148817249405477137e-01,6.051631074566838908e-01,6.922637925654482327e-01,6.473057795439476347e-01,2.163718006965697216e-01,6.440939402479783915e-01,5.774259519780600147e-01,1.275687963954923176e-01,5.759396794857915003e-01
7.000000000000000000e+00,8.852498978376388550e-02,7.047161845089995325e-01,6.998125463724136353e-02,6.723141037555546706e-01,1.000000000000000021e-03,5.711570009589195251e-02,7.817549048922955990e-04,4.943333566188812256e-02,4.612456634640693665e-02,4.970535635948181152e-02,7.580917233492709961e-01,1.173891254910684745e-02,7.189539569163013732e-01,7.041822413921811075e-01,7.700571981836706881e-01,5.890106409788131714e-02,2.264954848214983940e-03,4.710622876882553101e-02,4.762622714042663574e-02,5.073534324765205383e-02,6.774772947123642863e-01,1.155106694730181488e-01,6.224984425553276024e-01,6.126492938461199911e-01,6.934912338348208083e-01,6.590643605993022902e-01,1.721895703477273609e-01,6.673226830425560419e-01,5.883682059514667717e-01,9.425986235887631737e-02,5.975379890138913241e-01
8.000000000000000000e+00,8.908153325319290161e-02,7.058831498378373981e-01,7.046167552471160889e-02,6.728816626426926684e-01,1.000000000000000021e-03,4.998656734824180603e-02,7.604574784636497498e-04,4.968570545315742493e-02,4.938976466655731201e-02,5.135778710246086121e-02,7.647513650852084677e-01,5.684906334492215857e-02,7.271396861275032375e-01,7.126043696891922741e-01,7.783118212747398568e-01,5.143674835562705994e-02,2.255100524052977562e-03,4.693026840686798096e-02,5.078136175870895386e-02,5.276805162429809570e-02,6.830274956321841229e-01,1.600882130727901975e-01,6.304627971153607957e-01,6.197795224709298223e-01,7.000929860127002025e-01,6.693950607453288404e-01,1.874095410412428553e-01,6.732063713846136999e-01,5.974610228092305242e-01,1.045225985851563760e-01,6.017112848418902926e-01
9.000000000000000000e+00,8.685341477394104004e-02,7.132468214054098476e-01,7.001588493585586548e-02,6.756215376314462784e-01,1.000000000000000021e-03,4.710309952497482300e-02,8.769084815867245197e-04,4.487786069512367249e-02,4.374740645289421082e-02,4.390550032258033752e-02,7.733792288732485032e-01,4.554452730971474822e-02,7.327614670234527949e-01,7.182687691609478398e-01,7.837837428736466050e-01,4.832429438829421997e-02,2.414620481431484222e-03,4.503831639885902405e-02,4.679166898131370544e-02,4.656172171235084534e-02,6.910218177558140606e-01,1.248828230197166905e-01,6.294204563649791195e-01,6.176019258439379156e-01,7.002996771605339843e-01,6.663234459102420626e-01,2.068570818107638432e-01,6.752991495988169834e-01,5.921289359991164236e-01,1.268896891124499937e-01,6.018778364247803214e-01
1.000000000000000000e+01,8.654822409152984619e-02,7.164289324982189289e-01,7.031602412462234497e-02,6.762734332099662460e-01,1.000000000000000021e-03,4.641244933009147644e-02,8.316788007505238056e-04,4.379145428538322449e-02,4.287891089916229248e-02,4.240701720118522644e-02,7.782339323469191772e-01,8.303081352966654172e-02,7.399456226853218244e-01,7.268744915598442935e-01,7.899437226565588777e-01,4.872204735875129700e-02,2.282883739098906517e-03,4.442648217082023621e-02,4.624935239553451538e-02,4.601839557290077209e-02,6.951877647284367967e-01,1.758355460873426979e-01,6.370436760872926207e-01,6.266656765194735801e-01,7.059017968354343031e-01,6.662823213951909462e-01,2.366076153265140591e-01,6.775371631714930398e-01,5.897904188851187390e-01,1.464762893983872216e-01,6.011950546379632998e-01
1.100000000000000000e+01,8.449409902095794678e-02,7.195242269790580458e-01,6.843937933444976807e-02,6.803734871028743747e-01,5.000000000000000104e-04,4.855547472834587097e-02,7.635595975443720818e-04,4.662518203258514404e-02,4.530799388885498047e-02,5.004914477467536926e-02,7.795539993458447947e-01,6.392100427645304450e-02,7.406695274210226554e-01,7.266017560442803447e-01,7.903765250322455360e-01,5.211560055613517761e-02,2.247031545266509056e-03,4.644037038087844849e-02,4.862216487526893616e-02,5.362497270107269287e-02,6.941794812448400798e-01,1.632954630885374014e-01,6.359441737065438804e-01,6.249323212306961972e-01,7.052811841785066038e-01,6.697618425997668989e-01,2.153020208988319917e-01,6.790458256914040369e-01,5.922183773019383812e-01,1.261528524055335609e-01,6.015978704337650029e-01
1.200000000000000000e+01,8.497034758329391479e-02,7.201378984662477611e-01,6.879338622093200684e-02,6.810158095700893366e-01,5.000000000000000104e-04,4.586732760071754456e-02,6.809200858697295189e-04,4.482712224125862122e-02,4.264857992529869080e-02,4.254263266921043396e-02,7.811442372969091830e-01,6.354035261065173190e-02,7.450302970130279201e-01,7.314866326868492141e-01,7.946335581275019155e-01,4.902363568544387817e-02,2.164417877793312073e-03,4.499667510390281677e-02,4.619780555367469788e-02,4.614325985312461853e-02,6.952011563157142193e-01,1.686720288851818739e-01,6.409581130966203188e-01,6.306026608068988626e-01,7.092207363273199672e-01,6.672853027119697300e-01,2.110968523902437555e-01,6.781451594028155005e-01,5.881632369126291726e-01,1.227625219133229306e-01,5.996019161015717636e-01
1.300000000000000000e+01,8.422500640153884888e-02,7.218259263333773879e-01,6.825830042362213135e-02,6.820969927212585660e-01,5.000000000000000104e-04,4.622780904173851013e-02,6.794041837565600872e-04,4.293490573763847351e-02,4.180834814906120300e-02,4.322923719882965088e-02,7.843759098838462007e-01,5.876047648700156306e-02,7.492024903597368501e-01,7.349121326656585795e-01,7.966633911474483298e-01,4.877747222781181335e-02,2.192423446103930473e-03,4.336739704012870789e-02,4.524952545762062073e-02,4.637159034609794617e-02,7.004730674200937424e-01,1.472725784019236484e-01,6.453973828240172628e-01,6.348807830078322390e-01,7.118071607186139405e-01,6.776897972964376349e-01,2.099956072188753353e-01,6.885918105335069317e-01,5.989376593048428843e-01,1.213627794342883176e-01,6.102649997519491443e-01
1.400000000000000000e+01,8.262399584054946899e-02,7.254205523305320424e-01,6.774501502513885498e-02,6.824590389883540276e-01,5.000000000000000104e-04,4.456812143325805664e-02,7.359186420217156410e-04,4.205698147416114807e-02,4.138863459229469299e-02,4.068635776638984680e-02,7.885732740024744558e-01,9.206303696306956941e-02,7.521698405473919991e-01,7.386571994251366347e-01,8.010648898212047175e-01,4.746955260634422302e-02,2.224228112027049065e-03,4.339104518294334412e-02,4.529144987463951111e-02,4.514311254024505615e-02,7.015048234542210492e-01,1.850376174815476227e-01,6.470045269802673360e-01,6.373631350975241805e-01,7.129960197906447528e-01,6.740108491968002102e-01,2.277666607991907233e-01,6.859744950485230364e-01,5.913696500059003602e-01,1.348110448665622019e-01,6.041756806897260468e-01
1.500000000000000000e+01,8.279193937778472900e-02,7.277485064874353871e-01,6.850069761276245117e-02,6.829678581465189469e-01,5.000000000000000104e-04,4.284996539354324341e-02,6.798363174311816692e-04,4.247287660837173462e-02,4.132555425167083740e-02,3.961892798542976379e-02,7.920757436491302483e-01,9.790578059682057688e-02,7.555327810072526296e-01,7.420279056391749783e-01,8.037210689238827310e-01,4.649214446544647217e-02,2.164836041629314423e-03,4.452990368008613586e-02,4.536352306604385376e-02,4.422678053379058838e-02,7.049142920174562565e-01,1.833769857952823046e-01,6.507177564074289045e-01,6.418243460465551387e-01,7.155986428399861987e-01,6.735497791780886701e-01,2.434622845016383708e-01,6.846381492182314066e-01,5.901202909789120543e-01,1.499990964521597525e-01,6.019915593069196103e-01
1.600000000000000000e+01,8.178830146789550781e-02,7.288178013449537751e-01,6.770648807287216187e-02,6.831965305533205246e-01,2.500000000000000052e-04,4.264887049794197083e-02,7.255801465362310410e-04,4.336300119757652283e-02,4.175904393196105957e-02,4.096308723092079163e-02,7.933864355461919260e-01,4.595269480995300970e-02,7.570362236903532827e-01,7.437823364104213519e-01,8.041245387064501760e-01,4.606898128986358643e-02,2.265930874273180962e-03,4.547846317291259766e-02,4.579054564237594604e-02,4.562731459736824036e-02,7.064660848359366474e-01,1.241683863790720294e-01,6.529808637329467258e-01,6.440519469359350380e-01,7.161300264624592682e-01,6.776876143358024907e-01,2.243686531717416777e-01,6.903282551076547202e-01,5.926030233973886840e-01,1.355358218098118850e-01,6.064878103263956488e-01
1.700000000000000000e+01,8.138167113065719604e-02,7.303366730025165898e-01,6.767259538173675537e-02,6.828088890592184379e-01,2.500000000000000052e-04,4.232395440340042114e-02,7.206119480542838573e-04,4.131281003355979919e-02,4.069945216178894043e-02,3.909394517540931702e-02,7.950385361289623587e-01,6.422738001019027976e-02,7.580322343697109000e-01,7.448509294259367808e-01,8.057444271709365280e-01,4.649525508284568787e-02,2.250144490972161293e-03,4.333515837788581848e-02,4.488861188292503357e-02,4.394508898258209229e-02,7.055159223093977472e-01,1.441876718880299169e-01,6.519866516306677129e-01,6.433718129762966420e-01,7.156028677130021887e-01,6.758216354838438855e-01,2.306772094924064986e-01,6.887332713203244694e-01,5.890993720381650922e-01,1.385854742035774467e-01,6.033034983341049040e-01
1.800000000000000000e+01,8.144848048686981201e-02,7.314140499179113686e-01,6.811099499464035034e-02,6.828936252080070046e-01,2.500000000000000052e-04,4.231286793947219849e-02,6.818989058956503868e-04,4.146254807710647583e-02,4.120260477066040039e-02,4.033906757831573486e-02,7.968106993255037462e-01,7.651115188510096421e-02,7.597690937433440039e-01,7.464844518683403374e-01,8.073315973696935099e-01,4.619915783405303955e-02,2.204381860792636871e-03,4.381555318832397461e-02,4.551833868026733398e-02,4.560158774256706238e-02,7.071710996684431594e-01,1.563027542539328907e-01,6.535012171400055303e-01,6.453007943719047956e-01,7.165777885839722527e-01,6.773113789876665791e-01,2.378576181864426597e-01,6.894025948269701942e-01,5.896321629773459971e-01,1.418989907795649708e-01,6.028729603255020830e-01
1.900000000000000000e+01,8.120023459196090698e-02,7.313983480738389664e-01,6.791234016418457031e-02,6.823261010223686807e-01,2.500000000000000052e-04,4.274658858776092529e-02,6.579247419722378254e-04,4.102246463298797607e-02,4.055395722389221191e-02,3.875053673982620239e-02,7.985234087392095725e-01,6.672791797391454394e-02,7.607915535953441166e-01,7.475775267764604992e-01,8.083024577476938255e-01,4.606493934988975525e-02,2.205023542046546936e-03,4.250154271721839905e-02,4.460467025637626648e-02,4.384183883666992188e-02,7.103482947619288446e-01,1.369977769486741548e-01,6.545240479161621439e-01,6.468685911591797177e-01,7.164191462634137419e-01,6.775665860258677231e-01,2.199091671908882939e-01,6.869075715349932665e-01,5.908250602880947833e-01,1.305511883350186364e-01,6.008457074430898492e-01
2.000000000000000000e+01,8.112958818674087524e-02,7.319366143487716636e-01,6.852128356695175171e-02,6.798461706090058732e-01,2.500000000000000052e-04,4.286606982350349426e-02,6.722921389155089855e-04,4.324506223201751709e-02,4.168378189206123352e-02,4.107562080025672913e-02,7.995171836898654627e-01,8.261205161745248382e-02,7.614440725142469502e-01,7.484109226308810481e-01,8.072135482318588684e-01,4.714209213852882385e-02,2.206732984632253647e-03,4.682417958974838257e-02,4.653456062078475952e-02,4.724958166480064392e-02,7.095514166080070240e-01,1.510850200199863325e-01,6.544556674261459150e-01,6.464528376301628132e-01,7.149425121223997870e-01,6.715094607941342053e-01,2.290929934763879239e-01,6.827024850202616513e-01,5.811160441640206287e-01,1.382629944946637268e-01,5.943357282700904021e-01
2.100000000000000000e+01,8.033669739961624146e-02,7.344244942676293464e-01,6.769417226314544678e-02,6.830607806696646911e-01,1.250000000000000026e-04,4.155950248241424561e-02,6.672757444903254509e-04,4.058636352419853210e-02,3.965888544917106628e-02,3.826028108596801758e-02,7.999679572944433659e-01,6.113474220618669158e-02,7.630864333392740617e-01,7.498727901663464479e-01,8.103039467249015804e-01,4.658919200301170349e-02,2.213462023064494133e-03,4.299513995647430420e-02,4.413164779543876648e-02,4.392167180776596069e-02,7.067200050523254617e-01,1.336465885803697906e-01,6.555185206409193110e-01,6.475236759089511018e-01,7.171479348017499866e-01,6.810156903727153654e-01,2.331473360572196007e-01,6.918483441468390449e-01,5.898029592476022875e-01,1.347924772769668877e-01,6.020752272319979115e-01
2.200000000000000000e+01,8.016677945852279663e-02,7.351837247600679914e-01,6.768573075532913208e-02,6.831736490119172389e-01,1.250000000000000026e-04,4.155633598566055298e-02,6.788548198528587818e-04,4.117242991924285889e-02,3.983584418892860413e-02,3.879203647375106812e-02,8.011928196051087969e-01,5.647524408054564737e-02,7.636864288496307829e-01,7.507821298083408035e-01,8.111265513075613942e-01,4.646603018045425415e-02,2.229924080893397331e-03,4.289480671286582947e-02,4.420884698629379272e-02,4.427650198340415955e-02,7.083260001021762786e-01,1.282010593676639887e-01,6.565692199218166047e-01,6.488299205347762832e-01,7.179072766923891846e-01,6.799428051203029177e-01,2.266072130709840537e-01,6.909428765717564591e-01,5.886051416037039186e-01,1.314915669488858352e-01,6.010640935908082572e-01
2.300000000000000000e+01,8.014395087957382202e-02,7.358957545795118405e-01,6.802860647439956665e-02,6.825126335904229125e-01,1.250000000000000026e-04,4.101463779807090759e-02,6.739919772371649742e-04,4.052237048745155334e-02,3.959143534302711487e-02,3.798758611083030701e-02,8.023354613652570189e-01,6.757547581212001997e-02,7.652757373938976482e-01,7.522790185196381874e-01,8.122726741002982420e-01,4.584780707955360413e-02,2.215626183897256851e-03,4.314926266670227051e-02,4.412962496280670166e-02,4.374378174543380737e-02,7.086699523885265917e-01,1.397123797526836908e-01,6.579275206919860119e-01,6.503758240939536694e-01,7.182941647178801015e-01,6.785545599213740342e-01,2.370416901602381832e-01,6.903844991474705761e-01,5.861598785489462449e-01,1.379727696224172517e-01,5.998535100198780778e-01
2.400000000000000000e+01,7.976225018501281738e-02,7.368806430482341963e-01,6.783782690763473511e-02,6.826828213814992719e-01,1.250000000000000026e-04,4.128162935376167297e-02,6.746051949448883533e-04,4.006499052047729492e-02,3.919468820095062256e-02,3.799592331051826477e-02,8.027412094809028842e-01,7.432605122950557142e-02,7.654040475467397409e-01,7.525850604007596756e-01,8.129721397874565270e-01,4.631902649998664856e-02,2.203627489507198334e-03,4.236301034688949585e-02,4.370281845331192017e-02,4.387254640460014343e-02,7.073493805116306543e-01,1.487211961868699361e-01,6.576341281598850896e-01,6.502817810781611474e-01,7.181658321165925729e-01,6.814356510372818754e-01,2.402040780420159616e-01,6.924339531322399877e-01,5.873067335974581082e-01,1.386674280589813013e-01,6.002351733783644061e-01
2.500000000000000000e+01,8.003255724906921387e-02,7.374167878768345119e-01,6.827875971794128418e-02,6.824196796875308113e-01,1.250000000000000026e-04,4.090730100870132446e-02,6.633122684434056282e-04,3.998644277453422546e-02,3.947622701525688171e-02,3.780701756477355957e-02,8.028338802775177863e-01,7.996753279703333606e-02,7.659549181670091134e-01,7.529552123989774470e-01,8.132715375433632321e-01,4.648532718420028687e-02,2.193118911236524582e-03,4.252409934997558594e-02,4.416285082697868347e-02,4.401507228612899780e-02,7.066496680753759918e-01,1.503469258395886965e-01,6.571753585402830833e-01,6.495137316972582342e-01,7.175018560594053074e-01,6.825133619646706062e-01,2.439152033294762489e-01,6.939374972269969355e-01,5.880224309101326208e-01,1.393925243999422359e-01,6.013074416230425046e-01
2.600000000000000000e+01,7.955016940832138062e-02,7.374148886481196596e-01,6.770648062229156494e-02,6.830229043085004337e-01,6.250000000000000130e-05,4.094453155994415283e-02,6.786517333239316940e-04,4.137304052710533142e-02,3.993635252118110657e-02,3.970050811767578125e-02,8.046289129525495687e-01,6.335979087948796773e-02,7.669728933698954920e-01,7.543585694858035984e-01,8.130998639914496229e-01,4.581700265407562256e-02,2.225287258625030518e-03,4.454428702592849731e-02,4.467198252677917480e-02,4.592848569154739380e-02,7.106310265926282232e-01,1.352703386465488877e-01,6.600134731821388767e-01,6.528423410169160723e-01,7.183767925120303488e-01,6.801022134478850178e-01,2.336912603666143062e-01,6.913723014882298123e-01,5.861193807096276576e-01,1.346018092448250381e-01,5.995352525190321691e-01
2.700000000000000000e+01,7.994724065065383911e-02,7.373695466421231748e-01,6.878952682018280029e-02,6.803703540906651526e-01,6.250000000000000130e-05,4.132479429244995117e-02,6.746472790837287903e-04,4.002837091684341431e-02,3.935587406158447266e-02,3.885717689990997314e-02,8.044396831548522586e-01,7.357278399233534161e-02,7.668630466779309263e-01,7.543074007126270297e-01,8.129004956289198613e-01,4.671141877770423889e-02,2.216692548245191574e-03,4.311940819025039673e-02,4.431265220046043396e-02,4.545682668685913086e-02,7.088420531935805124e-01,1.424454904187347770e-01,6.585854296426415511e-01,6.511878809128378576e-01,7.168070638289366636e-01,6.792929790823222236e-01,2.350037534271756379e-01,6.912453753944248769e-01,5.834251886969205048e-01,1.369951666792266209e-01,5.978714504979785183e-01
2.800000000000000000e+01,7.946646958589553833e-02,7.385098818809353594e-01,6.745935976505279541e-02,6.843636820275482702e-01,6.250000000000000130e-05,4.171877726912498474e-02,6.831350037828087807e-04,4.028565809130668640e-02,3.939073532819747925e-02,3.824914991855621338e-02,8.037750369186048571e-01,5.909868358148889084e-02,7.669833179766253339e-01,7.542535389691958914e-01,8.142435756233074029e-01,4.745587706565856934e-02,2.225872129201889038e-03,4.215274378657341003e-02,4.381700605154037476e-02,4.410325363278388977e-02,7.069484471761822153e-01,1.336011004147535097e-01,6.594823194950050205e-01,6.525612785064324184e-01,7.186123228665167728e-01,6.850042934643374437e-01,2.317541211519515698e-01,6.954095560648919649e-01,5.900806569599397200e-01,1.283497681994763273e-01,6.023714498277628060e-01
2.900000000000000000e+01,7.916760444641113281e-02,7.390574444097726126e-01,6.775180995464324951e-02,6.829223985547068221e-01,6.250000000000000130e-05,4.036419838666915894e-02,6.747461156919598579e-04,4.022161290049552917e-02,3.901754319667816162e-02,3.748605027794837952e-02,8.054706771652510033e-01,5.817061368823958634e-02,7.684539220556177996e-01,7.557103932089264120e-01,8.151215523539293573e-01,4.575312137603759766e-02,2.223749412223696709e-03,4.303549230098724365e-02,4.363461211323738098e-02,4.358930140733718872e-02,7.089723708692858839e-01,1.290953223613950374e-01,6.608533373554489332e-01,6.539065980503825370e-01,7.191379099487072990e-01,6.825942691666655460e-01,2.328834309025462068e-01,6.934113018367161763e-01,5.870330391460476527e-01,1.297681214409420747e-01,5.998188005494046182e-01
3.000000000000000000e+01,7.899083942174911499e-02,7.395672788754622529e-01,6.764498353004455566e-02,6.831052565373284535e-01,6.250000000000000130e-05,4.030736535787582397e-02,6.572841666638851166e-04,3.970196470618247986e-02,3.872668370604515076e-02,3.737718984484672546e-02,8.057874555854706022e-01,7.429366208181031883e-02,7.686337422330513647e-01,7.561450881845200866e-01,8.153663399662210987e-01,4.593886807560920715e-02,2.193827647715806961e-03,4.218485578894615173e-02,4.346821084618568420e-02,4.367626085877418518e-02,7.086312073628767694e-01,1.455261731365354860e-01,6.607194314578653804e-01,6.536542372839656556e-01,7.189761696811628466e-01,6.827172659927421838e-01,2.350953142296835219e-01,6.928995894157486957e-01,5.864730304046866793e-01,1.324916273100250896e-01,5.989804181659953430e-01
3.100000000000000000e+01,7.897020876407623291e-02,7.397315577028066302e-01,6.769747287034988403e-02,6.830491670086029643e-01,3.125000000000000065e-05,4.032240062952041626e-02,6.596449529752135277e-04,3.953713551163673401e-02,3.864502534270286560e-02,3.737433254718780518e-02,8.061875470858239634e-01,7.361063420525534862e-02,7.689014888998907393e-01,7.563799575485955495e-01,8.156033684792355354e-01,4.586141556501388550e-02,2.199589973315596581e-03,4.217039421200752258e-02,4.336993023753166199e-02,4.368457943201065063e-02,7.089853843977134140e-01,1.439533383157333979e-01,6.609446063876452948e-01,6.539553637402775177e-01,7.189738489029471324e-01,6.827521047707940660e-01,2.367068193399151366e-01,6.933993557263030683e-01,5.863958915837931274e-01,1.336705369005229127e-01,5.993279808279321497e-01
3.200000000000000000e+01,7.917243242263793945e-02,7.397166339942712332e-01,6.819690018892288208e-02,6.821060783503829494e-01,3.125000000000000065e-05,4.018365964293479919e-02,6.686033448204398155e-04,3.958697244524955750e-02,3.873113542795181274e-02,3.750136867165565491e-02,8.066949693049657588e-01,6.497001140618387238e-02,7.691713420795588396e-01,7.566955575106449894e-01,8.154702576742569597e-01,4.580641165375709534e-02,2.215514425188302994e-03,4.243693873286247253e-02,4.353798553347587585e-02,4.396359249949455261e-02,7.096765085494506353e-01,1.340876386562425138e-01,6.612728345955045661e-01,6.542817465617578598e-01,7.185759021350391906e-01,6.830219895267626296e-01,2.371577725775432799e-01,6.939136826646431500e-01,5.862488062131143707e-01,1.350257550098211967e-01,5.995063922991182848e-01
3.300000000000000000e+01,7.880098372697830200e-02,7.402900770413964882e-01,6.768847256898880005e-02,6.828545876145920568e-01,3.125000000000000065e-05,4.045504331588745117e-02,6.757600931450724602e-04,4.037971794605255127e-02,3.945353254675865173e-02,3.778848797082901001e-02,8.055076516449879431e-01,6.927940475767010997e-02,7.685046649604743152e-01,7.559777807524469262e-01,8.156774795163308500e-01,4.656375572085380554e-02,2.215346321463584900e-03,4.254692420363426208e-02,4.415130242705345154e-02,4.415726661682128906e-02,7.063010905511466486e-01,1.409790850669949414e-01,6.598458568555799486e-01,6.529434308529983300e-01,7.180289825536406711e-01,6.858980663213981588e-01,2.365086620305705822e-01,6.963584796794126675e-01,5.883161354745268801e-01,1.306325827789793503e-01,6.010489892921484500e-01
3.400000000000000000e+01,7.888820022344589233e-02,7.404335984287403472e-01,6.761766225099563599e-02,6.834908353081895482e-01,3.125000000000000065e-05,4.032220318913459778e-02,6.648449925705790520e-04,3.953059017658233643e-02,3.864388912916183472e-02,3.740748763084411621e-02,8.062108713121121095e-01,6.345915567561503934e-02,7.692692638726297272e-01,7.567420287260746559e-01,8.161084847995108138e-01,4.636509716510772705e-02,2.207601675763726234e-03,4.196698218584060669e-02,4.333300516009330750e-02,4.377471655607223511e-02,7.073123214408161274e-01,1.355794700230068262e-01,6.609835305687852269e-01,6.541451002414719884e-01,7.186850682283220104e-01,6.861255367845479070e-01,2.316441195373180328e-01,6.964022682101184136e-01,5.886261697693975226e-01,1.266362428731367118e-01,6.013018661420530542e-01
3.500000000000000000e+01,7.874646037817001343e-02,7.406148656149553755e-01,6.776816397905349731e-02,6.829058161198644505e-01,3.125000000000000065e-05,4.014712572097778320e-02,6.712684407830238342e-04,4.001910611987113953e-02,3.870960697531700134e-02,3.746775910258293152e-02,8.073360059011046586e-01,6.398846474108922655e-02,7.699178972052959091e-01,7.574585749851340255e-01,8.160274423704042546e-01,4.587059468030929565e-02,2.217425499111413956e-03,4.313118755817413330e-02,4.354689270257949829e-02,4.400600120425224304e-02,7.094659054101088991e-01,1.338342971230800371e-01,6.619910286119194964e-01,6.550924661368188184e-01,7.187609212691195015e-01,6.848817648692488991e-01,2.348421742824765290e-01,6.954628932011536202e-01,5.870921154879373827e-01,1.313993267753971461e-01,6.002843719576194115e-01
3.600000000000000000e+01,7.868237793445587158e-02,7.408276806952357463e-01,6.756804883480072021e-02,6.834246965868632229e-01,1.562500000000000033e-05,4.006363078951835632e-02,6.703516119159758091e-04,3.938864916563034058e-02,3.850390762090682983e-02,3.714257478713989258e-02,8.070087467619653232e-01,6.114556838443274689e-02,7.699309656632705723e-01,7.574317747087180308e-01,8.163652781376289358e-01,4.605598002672195435e-02,2.216583816334605217e-03,4.206580296158790588e-02,4.327094182372093201e-02,4.358454048633575439e-02,7.082576890943788062e-01,1.327510462571845351e-01,6.617482263618310601e-01,6.548452375763691435e-01,7.188470476653860963e-01,6.865930100488651933e-01,2.338846562146103258e-01,6.971954013394632277e-01,5.885267909652979190e-01,1.292349510720776085e-01,6.017985052681487090e-01
3.700000000000000000e+01,7.863907516002655029e-02,7.409347909628664075e-01,6.782327592372894287e-02,6.824354715705525098e-01,1.562500000000000033e-05,3.998412936925888062e-02,6.677078781649470329e-04,3.936685621738433838e-02,3.846522048115730286e-02,3.710971400141716003e-02,8.074517853766589592e-01,6.424760269925339218e-02,7.700801702045406705e-01,7.576662975001278166e-01,8.165528294717010471e-01,4.589052498340606689e-02,2.214103471487760544e-03,4.211653023958206177e-02,4.326457902789115906e-02,4.364902153611183167e-02,7.088462130184559618e-01,1.338848135578062370e-01,6.618736895534477194e-01,6.549885546223839228e-01,7.187368860851631736e-01,6.846167480208944500e-01,2.345768594441258181e-01,6.949108792580317440e-01,5.863820317220377332e-01,1.309428654004878845e-01,5.992908200211477521e-01
3.800000000000000000e+01,7.859416306018829346e-02,7.410911653603695637e-01,6.777083873748779297e-02,6.826274251285716632e-01,1.562500000000000033e-05,3.995933011174201965e-02,6.740021635778248310e-04,3.940876573324203491e-02,3.853071108460426331e-02,3.717296198010444641e-02,8.075070633068616166e-01,6.345099298661506515e-02,7.702264657521069591e-01,7.577839222444849865e-01,8.165342940555673223e-01,4.594423249363899231e-02,2.220429014414548874e-03,4.230834171175956726e-02,4.338572546839714050e-02,4.379245638847351074e-02,7.087086710410714918e-01,1.337509567668126731e-01,6.620157615653222694e-01,6.551055167846882021e-01,7.186951752791173043e-01,6.855357697812677342e-01,2.348851566955840187e-01,6.961018524630456783e-01,5.870454113634681059e-01,1.305632561582841800e-01,6.003242077198105431e-01
3.900000000000000000e+01,7.856249809265136719e-02,7.412311276666779802e-01,6.765597313642501831e-02,6.829739565638375254e-01,1.562500000000000033e-05,4.005399718880653381e-02,6.659564096480607986e-04,3.950844705104827881e-02,3.859241306781768799e-02,3.718728199601173401e-02,8.072760228234515667e-01,6.477933018683322552e-02,7.701225707424437239e-01,7.576787365316067779e-01,8.168080096601405549e-01,4.614150896668434143e-02,2.210981911048293114e-03,4.195708781480789185e-02,4.333817586302757263e-02,4.367014020681381226e-02,7.080786306073580949e-01,1.351229000703770833e-01,6.617629046060606868e-01,6.549392086890187814e-01,7.187816492957730397e-01,6.860398661911654150e-01,2.351295293818529142e-01,6.962398470090843672e-01,5.876657762836552390e-01,1.296030686402564192e-01,6.004558846764138647e-01
4.000000000000000000e+01,7.857297360897064209e-02,7.413059080300574699e-01,6.792921572923660278e-02,6.821875796478324983e-01,1.562500000000000033e-05,3.994743153452873230e-02,6.679489742964506149e-04,3.932495415210723877e-02,3.842569142580032349e-02,3.706068173050880432e-02,8.077484786856388155e-01,6.928462537841872937e-02,7.704394892864395716e-01,7.580279693271266828e-01,8.168801129348042256e-01,4.596766084432601929e-02,2.211194485425949097e-03,4.214617237448692322e-02,4.331165924668312073e-02,4.373608902096748352e-02,7.086378796505103939e-01,1.384999549187247991e-01,6.618858172726445055e-01,6.549938213776247409e-01,7.186119957093070054e-01,6.849180198805303599e-01,2.372642727110786387e-01,6.954353884578922118e-01,5.861757453816216490e-01,1.320363133487751084e-01,5.993947808279399547e-01
4.100000000000000000e+01,7.852659374475479126e-02,7.413630027578799186e-01,6.778229773044586182e-02,6.825994774523599373e-01,7.812500000000000163e-06,3.989714756608009338e-02,6.668756832368671894e-04,3.933641314506530762e-02,3.842548280954360962e-02,3.706376999616622925e-02,8.079089335732775323e-01,6.622520050820140947e-02,7.705976969136167920e-01,7.581822404464844123e-01,8.169301394643307956e-01,4.586501047015190125e-02,2.211111830547451973e-03,4.223294183611869812e-02,4.328329116106033325e-02,4.368184506893157959e-02,7.090200976921011700e-01,1.358706952895849529e-01,6.623133561109998402e-01,6.554733161569994415e-01,7.188604138809326916e-01,6.852748640393118151e-01,2.358897415140244203e-01,6.955689145357744074e-01,5.866802713208641995e-01,1.308307802071899673e-01,5.996424357507555980e-01
4.200000000000000000e+01,7.850515842437744141e-02,7.414567447938048561e-01,6.764484196901321411e-02,6.830760716620882800e-01,7.812500000000000163e-06,3.991166129708290100e-02,6.664735847152769566e-04,3.928153961896896362e-02,3.839427977800369263e-02,3.701811656355857849e-02,8.077291325547751866e-01,6.510388008571035834e-02,7.706139791780030057e-01,7.581772327228086805e-01,8.170678274493562432e-01,4.593203961849212646e-02,2.210589824244379997e-03,4.197616130113601685e-02,4.318369179964065552e-02,4.355232790112495422e-02,7.086019699495597068e-01,1.356714031693216915e-01,6.624265988842680253e-01,6.556347753012901070e-01,7.190468757763897045e-01,6.860652705875899260e-01,2.351963092440980674e-01,6.962232901318259337e-01,5.875548500072554914e-01,1.293597281280566003e-01,6.003444142379764648e-01
4.300000000000000000e+01,7.849608361721038818e-02,7.414960229554427018e-01,6.775783002376556396e-02,6.827207402476846987e-01,7.812500000000000163e-06,3.987067192792892456e-02,6.660470389761030674e-04,3.927553072571754456e-02,3.838602825999259949e-02,3.702250495553016663e-02,8.079804800941230436e-01,6.669264981984425467e-02,7.707387548448464409e-01,7.583256824811032137e-01,8.170791659225492554e-01,4.586283117532730103e-02,2.209788886830210686e-03,4.209698364138603210e-02,4.323017597198486328e-02,4.363548755645751953e-02,7.089678746828308453e-01,1.362261067952097171e-01,6.624763274113041334e-01,6.556502253557909832e-01,7.189338591429976777e-01,6.856206676066141092e-01,2.363188730097668666e-01,6.959044641160573308e-01,5.869852745358216106e-01,1.305666686210501248e-01,5.999379470526774449e-01
4.400000000000000000e+01,7.846888154745101929e-02,7.416019800261166584e-01,6.767001003026962280e-02,6.829847754138893556e-01,7.812500000000000163e-06,3.995706513524055481e-02,6.665486725978553295e-04,3.931638970971107483e-02,3.840653970837593079e-02,3.703810274600982666e-02,8.076719407233967640e-01,6.536156018376478027e-02,7.706447443977684220e-01,7.582189597427652084e-01,8.171946969196131061e-01,4.611461609601974487e-02,2.209264319390058517e-03,4.192863032221794128e-02,4.320238530635833740e-02,4.362757503986358643e-02,7.081516685482251994e-01,1.358237943226906219e-01,6.622679011552314865e-01,6.555017356395215211e-01,7.189188593078348344e-01,6.865190930971114547e-01,2.355474184637515178e-01,6.967303299428193597e-01,5.877835800047053194e-01,1.288902622101418816e-01,6.006243497063126213e-01
4.500000000000000000e+01,7.848884165287017822e-02,7.415659274845708415e-01,6.783448159694671631e-02,6.824457989588024187e-01,7.812500000000000163e-06,3.986473381519317627e-02,6.665125838480889797e-04,3.932387754321098328e-02,3.839118033647537231e-02,3.707165643572807312e-02,8.082896527383204299e-01,6.822797644952569018e-02,7.708835401820597344e-01,7.585128828581101379e-01,8.171283796500850016e-01,4.584999755024909973e-02,2.209543483331799507e-03,4.227602109313011169e-02,4.327273368835449219e-02,4.376487806439399719e-02,7.092838954346120106e-01,1.374954271140796935e-01,6.626466843389559047e-01,6.558375343793526602e-01,7.188630463584922969e-01,6.849798461692828688e-01,2.361456927220196012e-01,6.951698726232535819e-01,5.861822684042367060e-01,1.310767026349024533e-01,5.990813315508269898e-01
4.600000000000000000e+01,7.843861728906631470e-02,7.416870386272840232e-01,6.771290302276611328e-02,6.828120104951310720e-01,3.906250000000000081e-06,3.985213115811347961e-02,6.667135166935622692e-04,3.924409672617912292e-02,3.835761547088623047e-02,3.698119893670082092e-02,8.080393092719769799e-01,6.606282695038567798e-02,7.708595649078442413e-01,7.584523050503819697e-01,8.172584613644148233e-01,4.594765603542327881e-02,2.210354199633002281e-03,4.196893423795700073e-02,4.317788779735565186e-02,4.359853267669677734e-02,7.086990886022598302e-01,1.360502727991504957e-01,6.625826044041962515e-01,6.557879216101123454e-01,7.189614941924243885e-01,6.860348844573789240e-01,2.358109170068463933e-01,6.961701539364961722e-01,5.871998720986661979e-01,1.297259970085599956e-01,6.000078938573080167e-01
4.700000000000000000e+01,7.843856513500213623e-02,7.416932019496496054e-01,6.774748116731643677e-02,6.826866935364873656e-01,3.906250000000000081e-06,3.982215747237205505e-02,6.669278955087065697e-04,3.923882544040679932e-02,3.834797814488410950e-02,3.697750717401504517e-02,8.082198956068306073e-01,6.612202087458329824e-02,7.709388714291353084e-01,7.585492269421836298e-01,8.172801719992091041e-01,4.585473239421844482e-02,2.210951177403330803e-03,4.202429205179214478e-02,4.317752271890640259e-02,4.360676184296607971e-02,7.090490999536634975e-01,1.357036513450220194e-01,6.627276656146794398e-01,6.559522930423919984e-01,7.189913874443332187e-01,6.856230267816634250e-01,2.355541149483252050e-01,6.957910439728917096e-01,5.868142880943894024e-01,1.298491104596080359e-01,5.996564908806258920e-01
4.800000000000000000e+01,7.842755317687988281e-02,7.417337368049726765e-01,6.775992363691329956e-02,6.826166881405536513e-01,3.906250000000000081e-06,3.982410952448844910e-02,6.657903431914746761e-04,3.923434391617774963e-02,3.834735974669456482e-02,3.696462884545326233e-02,8.081755906570494696e-01,6.712377032097935348e-02,7.709270522531261882e-01,7.585346188039315818e-01,8.173197510470272542e-01,4.592322558164596558e-02,2.209111116826534271e-03,4.200929030776023865e-02,4.318855330348014832e-02,4.361979290843009949e-02,7.087868872710394452e-01,1.366744330692616916e-01,6.625894803750814743e-01,6.558014674041425796e-01,7.189030491208076024e-01,6.856949828528045021e-01,2.357681033526513592e-01,6.958346847162701909e-01,5.867776876561732191e-01,1.298309663706201100e-01,5.995991883517866050e-01
4.900000000000000000e+01,7.841143757104873657e-02,7.417991059055288883e-01,6.770284473896026611e-02,6.828214629014655035e-01,3.906250000000000081e-06,3.982898965477943420e-02,6.679657381027936935e-04,3.922770917415618896e-02,3.834277018904685974e-02,3.696628287434577942e-02,8.081518481469627257e-01,6.701854523025334298e-02,7.709709336213783626e-01,7.585739740563217648e-01,8.173275054179200971e-01,4.596406593918800354e-02,2.210815437138080597e-03,4.199980944395065308e-02,4.318723455071449280e-02,4.362457990646362305e-02,7.086253224718152000e-01,1.371187236430649048e-01,6.626319970327113618e-01,6.558313635166113098e-01,7.188934222239403704e-01,6.864727603113228716e-01,2.355653644220589982e-01,6.966318172983377854e-01,5.874167452535210554e-01,1.294198867561209276e-01,6.003170661048370382e-01
